hood_id,name,geometry
1,Edison Park,"list(c(-87.82119362, -87.80656716, -87.80670563, -87.80681841, -87.80758471, -87.80865903, -87.80927272, -87.82152067, -87.82140489, -87.81972074, -87.81971614, -87.82017546, -87.82014655, -87.82121835, -87.82119362, 42.01862948, 42.01896294, 42.00217822, 41.99778256, 41.99767189, 41.99733424, 41.99716577, 41.99693556, 42.01137961, 42.01137209, 42.011943, 42.01194505, 42.01554179, 42.01554657, 42.01862948))"
2,Wildwood,"list(c(-87.77332319, -87.76579734, -87.76640962, -87.76648666, -87.78226834, -87.78325456, -87.7888629, -87.7792938, -87.77918603, -87.77696587, -87.77692066, -87.77332319, 42.01195441, 41.99735871, 41.99736173, 41.99730502, 42.00446142, 42.00549382, 42.01208626, 42.01204048, 42.01563681, 42.01562608, 42.012029, 42.01195441))"
3,Edgebrook,"list(c(-87.76982662, -87.76757103, -87.76753703, -87.76168946, -87.76189794, -87.76237346, -87.75282496, -87.74994092, -87.75092453, -87.75053695, -87.74945482, -87.74930638, -87.75086726, -87.75126437, -87.75142659, -87.75417385, -87.75766199, -87.75655829, -87.75787747, -87.75606597, -87.7654591, -87.76982662, 42.00516054, 42.00456798, 42.00840549, 42.00843466, 42.0025629, 42.00169307, 41.99728418, 41.99726956, 41.99198321, 41.99174866, 41.99075467, 41.98993986, 41.9897152, 41.98890316, 41.98820623, 
41.98606869, 41.98817952, 41.9895695, 41.99021573, 41.99229992, 41.99659147, 42.00516054))"
4,Sauganash,"list(c(-87.75001887, -87.72889479, -87.72880052, -87.72849482, -87.73184669, -87.73838537, -87.74812541, -87.74813838, -87.74938432, -87.74937901, -87.74976339, -87.75092347, -87.75001887, 41.99726996, 41.99721882, 41.9907059, 41.99006468, 41.99002415, 41.9825573, 41.98272365, 41.98981762, 41.98994026, 41.9905217, 41.99110512, 41.9920995, 41.99726996))"
5,Brynford Park,"list(c(-87.7285273, -87.72832983, -87.73425352, -87.73421645, -87.7285273, 41.9866342, 41.98279548, 41.98271025, 41.98666403, 41.9866342))"
6,Peterson Park,"list(c(-87.71088749, -87.70923971, -87.72171202, -87.72175934, -87.72849482, -87.72887846, -87.72897218, -87.71088749, 41.99729703, 41.99042679, 41.99026133, 41.99345965, 41.99006468, 41.99070631, 41.99727737, 41.99729703))"
7,Hollywood Park,"list(c(-87.72865125, -87.72771544, -87.72171257, -87.70924027, -87.70705132, -87.72833038, -87.72865125, 41.99000736, 41.99006057, 41.99020319, 41.99036864, 41.98308839, 41.98273733, 41.99000736))"
8,Peterson,"list(c(-87.72841688, -87.72183729, -87.72178996, -87.72841688, 41.99006427, 41.99346006, 41.99026174, 41.99006427))"
9,West Rogers Park,"list(c(-87.68248699, -87.68255904, -87.67647468, -87.67617571, -87.67489853, -87.67223402, -87.69948144, -87.69937079, -87.70926793, -87.71033468, -87.70937117, -87.70867616, -87.68248699, 42.01951711, 42.0124497, 41.99492518, 41.99276718, 41.9920411, 41.99078509, 41.99062215, 41.98559019, 41.99151433, 41.99739002, 41.99738479, 42.01918344, 42.01951711))"
10,Rogers Park,"list(c(-87.68248699, -87.67333297, -87.67715507, -87.67715014, -87.66526214, -87.66271065, -87.66066647, -87.65952197, -87.66384991, -87.66276729, -87.66091489, -87.65982758, -87.6588591, -87.65750326, -87.65436092, -87.65408558, -87.66083052, -87.66086205, -87.67756799, -87.68271967, -87.68248699, 42.01951711, 42.01922525, 42.02248158, 42.02296072, 42.02289215, 42.02108037, 42.01687564, 42.01351437, 42.01344749, 42.01058293, 42.01038769, 42.00798408, 42.00604216, 42.00566538, 42.00557794, 42.00126374, 
42.00130346, 41.9983088, 41.99792627, 42.01245062, 42.01951711))"
11,Loyola Beach,"list(c(-87.6596456, -87.65428737, -87.65799673, -87.65886007, -87.66091392, -87.66264463, -87.66360266, -87.6596456, 42.01351509, 42.0058308, 42.00576049, 42.00594997, 42.01047988, 42.01049001, 42.01344605, 42.01351509))"
12,Edgewater Beach,"list(c(-87.66092643, -87.65346096, -87.65239783, -87.65460349, -87.65362839, -87.66018335, -87.66092643, 41.99822504, 41.99822949, 41.98834481, 41.98845472, 41.97639148, 41.97633326, 41.99822504))"
13,Edgewater Glen,"list(c(-87.67018074, -87.66083331, -87.66075039, -87.66224421, -87.66308746, -87.66490631, -87.66996937, -87.67018074, 41.99474397, 41.99473801, 41.99028257, 41.99019446, 41.99024781, 41.99011315, 41.99009409, 41.99474397))"
14,Magnolia Glen,"list(c(-87.67003478, -87.66438708, -87.66321727, -87.66263364, -87.66075039, -87.66042878, -87.66990849, -87.67003478, 41.99004605, 41.99011012, 41.99024857, 41.99019674, 41.99028257, 41.98384035, 41.98970635, 41.99004605))"
15,Edgewater,"list(c(-87.66092693, -87.6607684, -87.67018074, -87.66997339, -87.66042776, -87.66049572, -87.67010263, -87.67490657, -87.67496054, -87.67216961, -87.67404087, -87.67610941, -87.67640905, -87.67754809, -87.66092693, 41.99817662, 41.99473763, 41.99474397, 41.98970673, 41.98393719, 41.98364705, 41.98350926, 41.98339165, 41.99075233, 41.99073629, 41.99181237, 41.99264743, 41.99507032, 41.99793382, 41.99817662))"
16,Rosehill Cemetery,"list(c(-87.67496054, -87.67497097, -87.67964511, -87.67978679, -87.6893066, -87.68969602, -87.67496054, 41.99075233, 41.98344044, 41.98332188, 41.98216052, 41.97775935, 41.9906422, 41.99075233))"
17,Lakewood Balmoral,"list(c(-87.66523428, -87.66043082, -87.66011846, -87.66505165, -87.66523428, 41.98357788, 41.98364667, 41.97633288, 41.97621643, 41.98357788))"
18,Andersonville,"list(c(-87.67497097, -87.66523479, -87.66505115, -87.67459205, -87.67497097, 41.98344044, 41.98352946, 41.97626485, 41.9761263, 41.98344044))"
19,Bowmanville,"list(c(-87.67503587, -87.67459255, -87.68932465, -87.6893066, -87.67978629, -87.6797105, -87.67503587, 41.98344081, 41.97607788, 41.97596778, 41.97775935, 41.98220894, 41.98327383, 41.98344081))"
20,Arcadia Terrace,"list(c(-87.6994977, -87.68969602, -87.68944664, -87.69918228, -87.6994977, 41.99059989, 41.9906422, 41.98318358, 41.98314092, 41.99059989))"
21,Budlong Woods,"list(c(-87.70677629, -87.68951154, -87.68939051, -87.70464168, -87.70677629, 41.98308578, 41.98318394, 41.9758713, 41.97576214, 41.98308578))"
22,North Park,"list(c(-87.71664312, -87.70690608, -87.70420651, -87.70569515, -87.70718427, -87.70874114, -87.71004223, -87.71128172, -87.71187419, -87.71291756, -87.71389274, -87.71545142, -87.71629215, -87.71726125, -87.71835828, -87.72042727, -87.72034753, -87.71612871, -87.71664312, 41.98289709, 41.98308648, 41.97382281, 41.97421835, 41.97456544, 41.97462235, 41.97429045, 41.97361924, 41.97275083, 41.97222381, 41.97203538, 41.97189851, 41.97219357, 41.97263459, 41.97326998, 41.97405582, 41.97560496, 41.9756792, 
41.98289709))"
23,Bohemian National Cemetery,"list(c(-87.72839148, -87.72086287, -87.72078506, -87.71831868, -87.71846524, -87.72833135, -87.72839148, 41.9827659, 41.98277441, 41.97735054, 41.97738578, 41.97564331, 41.97540519, 41.9827659))"
24,Albany Park,"list(c(-87.70367498, -87.70335771, -87.72781957, -87.72807475, -87.72833135, -87.72034799, -87.72049263, -87.71822944, -87.71642192, -87.71506304, -87.71291803, -87.71174347, -87.71102075, -87.70978173, -87.70815619, -87.7064075, -87.70420651, -87.70338491, -87.70139929, -87.70107918, -87.70367498, 41.96849329, 41.96117956, 41.96092379, 41.96823713, 41.97540519, 41.97555654, 41.97400775, 41.97317244, 41.97219427, 41.97179957, 41.97217539, 41.97284697, 41.9737631, 41.97438589, 41.97471601, 41.97436751, 
41.97382281, 41.97159081, 41.96896502, 41.96852744, 41.96849329))"
25,Ravenswood Manor,"list(c(-87.70367545, -87.70108014, -87.69857229, -87.69625782, -87.69542792, -87.69472782, -87.70335819, -87.70367545, 41.96844487, 41.9684306, 41.96614085, 41.96399738, 41.96263691, 41.96127715, 41.96113114, 41.96844487))"
26,Ravenswood Gardens,"list(c(-87.69147553, -87.69122405, -87.69479269, -87.69568212, -87.69799366, -87.69966375, -87.70094989, -87.69147553, 41.968571, 41.96130603, 41.96127751, 41.96317098, 41.96560499, 41.96730905, 41.96847831, 41.968571))"
27,Lincoln Square,"list(c(-87.67889523, -87.69122405, -87.69153992, -87.70114358, -87.70331907, -87.7047061, -87.67946082, -87.67889523, 41.96147854, 41.96130603, 41.96861978, 41.96857622, 41.9716873, 41.97581091, 41.97596044, 41.96147854))"
28,Ravenswood,"list(c(-87.6789601, -87.67939543, -87.66842646, -87.66818907, -87.66758557, -87.66746538, -87.66647826, -87.66591811, -87.6789601, 41.96147891, 41.97600849, 41.9761876, 41.97405559, 41.96969396, 41.96877322, 41.96387669, 41.96159752, 41.96147891))"
29,Sheridan Park,"list(c(-87.6599354, -87.65994752, -87.66585323, -87.66690919, -87.66728233, -87.66746437, -87.6599354, 41.96906826, 41.96175635, 41.96159715, 41.96610669, 41.96765841, 41.96887006, 41.96906826))"
30,Margate Park,"list(c(-87.65505598, -87.65200613, -87.64955309, -87.65487402, -87.65505598, 41.97639993, 41.97638187, 41.96910374, 41.96908688, 41.97639993))"
31,Uptown,"list(c(-87.66842646, -87.65512087, -87.65487504, -87.64955413, -87.64842877, -87.64735232, -87.64677675, -87.65988316, -87.65987052, -87.66746336, -87.6680065, -87.66842646, 41.9761876, 41.97640031, 41.96899004, 41.9690069, 41.96502945, 41.96255341, 41.96177519, 41.96170755, 41.96906788, 41.9689669, 41.97289237, 41.9761876))"
32,Buena Park,"list(c(-87.65637885, -87.64612696, -87.64600865, -87.64595783, -87.64571499, -87.64476538, -87.64477789, -87.65645572, -87.65637885, 41.96178379, 41.96186815, 41.96080212, 41.95949438, 41.95794336, 41.9557586, 41.95459651, 41.95452068, 41.96178379))"
33,Graceland Cemetery,"list(c(-87.66591811, -87.65637936, -87.65645623, -87.66229539, -87.66369715, -87.66459217, -87.66591811, 41.96159752, 41.96173537, 41.95447226, 41.95440969, 41.95683906, 41.9581033, 41.96159752))"
34,Graceland West,"list(c(-87.66922727, -87.66585323, -87.66472141, -87.66369867, -87.66223103, -87.6690432, -87.66922727, 41.96156829, 41.96159715, 41.95815247, 41.9566938, 41.95436089, 41.95430366, 41.96156829))"
35,Southeast Ravenswood,"list(c(-87.67409394, -87.66929264, -87.66917243, -87.67403856, -87.67409394, 41.96149949, 41.96152024, 41.95435283, 41.95428403, 41.96149949))"
36,St. Bens,"list(c(-87.69437484, -87.68866563, -87.68587516, -87.68308518, -87.67886652, -87.67861799, -87.68841499, -87.69075059, -87.69090823, -87.6944116, -87.69439612, -87.69437484, 41.95764341, 41.95765991, 41.95774106, 41.95777371, 41.95794344, 41.95053318, 41.95034651, 41.95031118, 41.95399228, 41.9539634, 41.95551288, 41.95764341))"
37,North Center,"list(c(-87.68835012, -87.67868335, -87.67880165, -87.68366853, -87.68860027, -87.69430997, -87.69474232, -87.69466342, -87.67409444, -87.67372523, -87.68832138, -87.68835012, 41.95034614, 41.95048513, 41.95794307, 41.95782544, 41.95770797, 41.95764305, 41.95982452, 41.96122837, 41.96145107, 41.94692181, 41.94676262, 41.95034614))"
38,Roscoe Village,"list(c(-87.67378959, -87.66899642, -87.66867617, -87.6880708, -87.68832138, -87.67378959, 41.9469706, 41.94006677, 41.93967753, 41.9394492, 41.94676262, 41.9469706))"
39,Lake View East,"list(c(-87.64909915, -87.64934578, -87.64959832, -87.64635292, -87.64440484, -87.6444257, -87.64346787, -87.64232334, -87.64028765, -87.63876891, -87.63742593, -87.63666563, -87.63655649, -87.6359328, -87.63923994, -87.64909915, 41.93268633, 41.93995139, 41.95273679, 41.95291111, 41.95309313, 41.95115631, 41.94974627, 41.94760874, 41.94391625, 41.94042056, 41.93866917, 41.93701814, 41.93512895, 41.93284924, 41.93286928, 41.93268633))"
40,Lake View,"list(c(-87.67390932, -87.64451841, -87.6445351, -87.64959884, -87.64909915, -87.68237223, -87.68300987, -87.6850786, -87.68739748, -87.6891377, -87.69055468, -87.69260715, -87.69543176, -87.69623489, -87.68832138, -87.68807129, -87.66867667, -87.67365987, -87.67390932, 41.95423486, 41.95459495, 41.95304549, 41.95268837, 41.93268633, 41.93220186, 41.9332708, 41.93391201, 41.93547465, 41.93654975, 41.93752617, 41.93981357, 41.94273473, 41.94675838, 41.94676262, 41.93940078, 41.93962911, 41.94696986, 
41.95423486))"
41,Wrigleyville,"list(c(-87.65454307, -87.65447345, -87.65538148, -87.6568758, -87.65914638, -87.66174074, -87.66187892, -87.66064751, -87.65934818, -87.65740071, -87.65681437, -87.65454307, 41.95136184, 41.94569584, 41.94570121, 41.9454679, 41.94543283, 41.94544804, 41.95082389, 41.95071984, 41.95090591, 41.95103973, 41.9512784, 41.95136184))"
42,Irving Park,"list(c(-87.72782003, -87.69836181, -87.69815236, -87.69685556, -87.69636509, -87.69805196, -87.7181612, -87.71976926, -87.72306108, -87.72745122, -87.72782003, 41.96087537, 41.96120046, 41.94962601, 41.94957041, 41.94671068, 41.9466716, 41.94653899, 41.94795188, 41.94966427, 41.95186659, 41.96087537))"
43,The Villa,"list(c(-87.72751654, -87.72241568, -87.71912529, -87.718227, -87.72737331, -87.72751654, 41.95181851, 41.94932187, 41.9474642, 41.94644249, 41.94639428, 41.95181851))"
44,South Old Iving Park,"list(c(-87.72737377, -87.7272278, -87.73561246, -87.72737377, 41.94634586, 41.94121215, 41.94624377, 41.94634586))"
45,Old Irving Park,"list(c(-87.72789637, -87.72737377, -87.74709463, -87.74747917, -87.72970097, -87.72789637, 41.95966518, 41.94634586, 41.94610928, 41.96078368, 41.9609337, 41.95966518))"
46,Kilbourn Park,"list(c(-87.74709463, -87.73561246, -87.72729219, -87.72711873, -87.74683689, -87.74709463, 41.94610928, 41.94624377, 41.94126091, 41.9390325, 41.93884437, 41.94610928))"
47,Avondale,"list(c(-87.71816167, -87.71688684, -87.71573434, -87.71282846, -87.70953026, -87.7077238, -87.72711827, -87.7273089, -87.71816167, 41.94649057, 41.94415938, 41.94260362, 41.94128051, 41.94029415, 41.93931585, 41.93908092, 41.94634552, 41.94649057))"
48,Dunning,"list(c(-87.78660327, -87.7866161, -87.79388159, -87.79389098, -87.79616168, -87.79600735, -87.80703608, -87.80723421, -87.78660327, 41.95293829, 41.95143721, 41.95142316, 41.95030945, 41.95027167, 41.94547698, 41.94523752, 41.95269572, 41.95293829))"
49,Portage Park,"list(c(-87.78680028, -87.74748006, -87.74699996, -87.78624443, -87.78680028, 41.96025124, 41.96068684, 41.9422833, 41.94179907, 41.96025124))"
50,Scorsch Village,"list(c(-87.80703608, -87.79594248, -87.78634145, -87.78601481, -87.80677114, -87.80703608, 41.94523752, 41.94547667, 41.94562503, 41.93831145, 41.93802112, 41.94523752))"
51,Belmont Centeral,"list(c(-87.76571352, -87.76940932, -87.76952663, -87.77555606, -87.7755977, -87.78187714, -87.78401301, -87.78543529, -87.78617998, -87.76659025, -87.76571352, 41.91651887, 41.91648866, 41.91789354, 41.91792298, 41.92058652, 41.9217306, 41.92217666, 41.9226677, 41.94175034, 41.94199428, 41.91651887))"
52,Hanson Park,"list(c(-87.75586706, -87.76066016, -87.76092936, -87.76242018, -87.76272969, -87.75624453, -87.75586706, 41.91559814, 41.91610639, 41.9222576, 41.92231345, 41.92396141, 41.92407427, 41.91559814))"
53,Cragin,"list(c(-87.74699996, -87.74595829, -87.75586706, -87.75618013, -87.76597205, -87.76659025, -87.74699996, 41.9422833, 41.91443413, 41.91559814, 41.92402552, 41.92392905, 41.94199428, 41.9422833))"
54,Montclare,"list(c(-87.78581794, -87.79301749, -87.79281819, -87.79216981, -87.7916728, -87.79523919, -87.79512336, -87.80624381, -87.80670669, -87.78601564, -87.78581794, 41.93099847, 41.93083888, 41.92371959, 41.92371654, 41.92114772, 41.92111606, 41.91946909, 41.92329777, 41.9379724, 41.9382146, 41.93099847))"
55,Belmont Terrace,"list(c(-87.83648743, -87.8266912, -87.82636034, -87.83621879, -87.83648743, 41.94478765, 41.94503539, 41.93767347, 41.93761973, 41.94478765))"
56,Irving Woods,"list(c(-87.83665967, -87.83172903, -87.8317594, -87.82702328, -87.82669043, -87.83642181, -87.83665967, 41.95602276, 41.95604975, 41.95217597, 41.95225203, 41.94513223, 41.94488422, 41.95602276))"
57,Belmont Heights,"list(c(-87.8266958, -87.82675606, -87.8253936, -87.81855714, -87.81852363, -87.80937526, -87.80729908, -87.80660607, -87.81646441, -87.81656479, -87.82629472, -87.8266958, 41.94445432, 41.94503567, 41.94507808, 41.94829204, 41.95245635, 41.95265708, 41.95269601, 41.93443698, 41.93433651, 41.93796877, 41.93777003, 41.94445432))"
58,Big Oaks,"list(c(-87.78787558, -87.78804222, -87.80255966, -87.80256393, -87.80720926, -87.80708452, -87.8048993, -87.78787558, 41.97562598, 41.96885586, 41.96876139, 41.96824682, 41.96824112, 41.97457812, 41.97548893, 41.97562598))"
59,Union Ridge,"list(c(-87.78770867, -87.78791165, -87.80500818, -87.80712059, -87.80694681, -87.78770867, 41.98242317, 41.97565323, 41.97548943, 41.97460537, 41.98248591, 41.98242317))"
60,Oriola Park,"list(c(-87.82353049, -87.81942833, -87.81689269, -87.81286758, -87.80967648, -87.8069947, -87.80715755, -87.81688662, -87.81691572, -87.81956564, -87.8195004, -87.82490941, -87.82353049, 41.98312951, 41.98316539, 41.982504, 41.98199832, 41.98160464, 41.98107778, 41.97452429, 41.97427055, 41.97066855, 41.97059919, 41.97420103, 41.97406261, 41.98312951))"
61,Old Norwood Park,"list(c(-87.80698311, -87.80676262, -87.78183287, -87.7822703, -87.78567599, -87.80698311, 41.98248608, 41.99602685, 41.98188051, 41.98166594, 41.98241349, 41.98248608))"
62,Norwood Park,"list(c(-87.82359536, -87.8229166, -87.82154915, -87.80954074, -87.8090236, -87.80734147, -87.80682471, -87.80673476, -87.80563704, -87.80563227, -87.80104849, -87.80111745, -87.79976233, -87.79957714, -87.79744627, -87.79750354, -87.79111286, -87.78362991, -87.77836064, -87.77797341, -87.77806421, -87.80683939, -87.80696237, -87.80986141, -87.81501944, -87.81804768, -87.81946386, -87.82359536, 41.98308767, 41.98727358, 41.99684906, 41.99718008, 41.99727402, 41.99774781, 41.99779359, 42.00087468, 
42.00091779, 42.00149555, 42.00157068, 42.00104137, 42.00098693, 41.99997495, 42.00006132, 42.00092826, 42.0009464, 41.99287001, 41.99019649, 41.99019461, 41.97974681, 41.99601216, 41.98108666, 41.9816777, 41.98223074, 41.98282216, 41.98326184, 41.98308767))"
63,South Edgebrook,"list(c(-87.76827386, -87.78350208, -87.78785132, -87.78197735, -87.78198732, -87.77414422, -87.7737013, -87.77222368, -87.77222918, -87.77133116, -87.771529, -87.7683171, -87.76827386, 41.98499538, 41.99272495, 41.99736796, 41.99738804, 41.99623253, 41.9926316, 41.99161832, 41.99084073, 41.99021483, 41.9895845, 41.98910399, 41.98740302, 41.98499538))"
64,Indian Woods,"list(c(-87.75942608, -87.76833073, -87.76831795, -87.7663003, -87.75942608, 41.98572187, 41.98586234, 41.98730673, 41.98922273, 41.98572187))"
65,Forest Glen,"list(c(-87.74803366, -87.7540996, -87.75511454, -87.76313579, -87.76827428, -87.76826704, -87.75949104, -87.7580302, -87.75682672, -87.75299338, -87.75202849, -87.75060313, -87.74828091, -87.74803366, 41.97536055, 41.97529502, 41.97722608, 41.98222551, 41.98494724, 41.98576573, 41.98567404, 41.98306671, 41.98055695, 41.98342655, 41.98308462, 41.98370333, 41.98359522, 41.97536055))"
66,Jefferson Park,"list(c(-87.7868783, -87.78691649, -87.78678705, -87.78680795, -87.78796922, -87.78778556, -87.78552703, -87.78237131, -87.78191836, -87.77806546, -87.77805751, -87.76938837, -87.76842053, -87.76827513, -87.75505001, -87.75422821, -87.74796914, -87.74745849, -87.7868783, 41.96019257, 41.96327428, 41.96332181, 41.96842568, 41.9684312, 41.98239344, 41.98238269, 41.98164536, 41.98178763, 41.97960237, 41.98051715, 41.97570818, 41.97570342, 41.98485094, 41.97722575, 41.97534381, 41.97536022, 41.96067226, 
41.96019257))"
67,Gladstone Park,"list(c(-87.77791222, -87.76827428, -87.76842053, -87.76932427, -87.77812162, -87.77791222, 41.98980913, 41.98494724, 41.97570342, 41.97565972, 41.98056561, 41.98980913))"
68,Rivers Edge,"list(c(-87.73800183, -87.73238724, -87.73189732, -87.73293058, -87.73814388, -87.73800183, 41.97863122, 41.97869826, 41.97590308, 41.97581219, 41.97723565, 41.97863122))"
69,Sauganash Woods,"list(c(-87.73809277, -87.73409105, -87.73322607, -87.73780781, -87.73809277, 41.98272432, 41.9827998, 41.97870265, 41.97867836, 41.98272432))"
70,North Mayfair,"list(c(-87.74796958, -87.72822319, -87.7280344, -87.74777853, -87.74796958, 41.97531207, 41.97549858, 41.96817899, 41.9679925, 41.97531207))"
71,Mayfair,"list(c(-87.72803485, -87.72779207, -87.72971589, -87.74745761, -87.74777897, -87.72803485, 41.96813084, 41.95970354, 41.96091739, 41.96076855, 41.96794435, 41.96813084))"
72,Galewood,"list(c(-87.80630748, -87.79508626, -87.79502868, -87.7898484, -87.78986327, -87.77545409, -87.77525496, -87.77542211, -87.80569839, -87.80630748, 41.92331128, 41.91945003, 41.91666844, 41.91658357, 41.9148302, 41.91482156, 41.90980212, 41.9091983, 41.90879724, 41.92331128))"
73,North Austin,"list(c(-87.7459106, -87.74602089, -87.77548475, -87.77566493, -87.77534117, -87.7754404, -87.76540107, -87.75787875, -87.7459106, 41.91443237, 41.9024007, 41.90200344, 41.90919948, 41.90919791, 41.91639355, 41.91652572, 41.91582317, 41.91443237))"
74,Spoth Austin,"list(c(-87.74593996, -87.7450073, -87.76224124, -87.76442856, -87.76477354, -87.77464552, -87.77548475, -87.74593996, 41.90240028, 41.87174039, 41.87140413, 41.87105221, 41.87776541, 41.877572, 41.90200344, 41.90240028))"
75,West Humboldt Park,"list(c(-87.74595494, -87.7263634, -87.72609678, -87.74576423, -87.74595494, 41.90959552, 41.90991688, 41.89534375, 41.89508328, 41.90959552))"
76,West Garfield Park,"list(c(-87.74492641, -87.74568442, -87.72609678, -87.72533154, -87.73471703, -87.73991051, -87.74492641, 41.87173997, 41.89496195, 41.89534375, 41.87363322, 41.87350113, 41.87177463, 41.87173997))"
77,Humboldt Park,"list(c(-87.72636397, -87.70701571, -87.7066365, -87.70186004, -87.70198675, -87.69680775, -87.69722072, -87.68726262, -87.68676273, -87.7260962, -87.72636397, 41.90985642, 41.9101153, 41.89922979, 41.89938502, 41.90295306, 41.90286401, 41.91018238, 41.91036864, 41.89573365, 41.89540421, 41.90985642))"
78,East Garfield Park,"list(c(-87.7260962, -87.70149236, -87.70140382, -87.69646574, -87.69650657, -87.69156939, -87.69133775, -87.69667511, -87.70161397, -87.70598887, -87.70608741, -87.71110285, -87.71106765, -87.71616314, -87.71605196, -87.72074432, -87.72047843, -87.72541128, -87.7260962, 41.89540421, 41.89563425, 41.88819674, 41.88841131, 41.88430001, 41.88445392, 41.87526213, 41.87547323, 41.87507726, 41.87443614, 41.88090631, 41.88099405, 41.88462169, 41.88483058, 41.88797409, 41.88805968, 41.87354696, 41.87375457, 
41.89540421))"
79,Fifth City,"list(c(-87.71595824, -87.70616831, -87.70590798, -87.70817777, -87.71562127, -87.71595824, 41.88089933, 41.88090675, 41.8744357, 41.87396437, 41.87388372, 41.88089933))"
80,West Town,"list(c(-87.65087988, -87.65743533, -87.66714649, -87.66696218, -87.66931166, -87.67675647, -87.68234161, -87.69173181, -87.69650537, -87.69638543, -87.68659438, -87.68689608, -87.69971267, -87.65827193, -87.65521927, -87.65087988, 41.89117263, 41.89109048, 41.8910263, 41.88540211, 41.8851134, 41.88503528, 41.88482522, 41.88439436, 41.88442093, 41.8883504, 41.88835614, 41.89053453, 41.89556398, 41.89617434, 41.89404013, 41.89117263))"
81,East Ukrainian Village,"list(c(-87.67729906, -87.66758543, -87.66725618, -87.67704901, -87.67729906, 41.90317746, 41.90330294, 41.89604541, 41.89598087, 41.90317746))"
82,Ukrainian Village,"list(c(-87.68701265, -87.67729844, -87.67704962, -87.68692457, -87.68701265, 41.90305115, 41.90323792, 41.89592041, 41.89573456, 41.90305115))"
83,Noble Square,"list(c(-87.65835221, -87.66725492, -87.66759099, -87.66443368, -87.66218889, -87.66067519, -87.66038764, -87.66065201, -87.65962346, -87.65835221, 41.89623527, 41.89616633, 41.91055859, 41.9106007, 41.90853185, 41.90622538, 41.90277728, 41.90072307, 41.89847989, 41.89623527))"
84,Wicker Park,"list(c(-87.68718229, -87.66775224, -87.66742357, -87.68701326, -87.68718229, 41.91030772, 41.91061998, 41.903302, 41.90299069, 41.91030772))"
85,Bucktown,"list(c(-87.68760612, -87.67596724, -87.66985941, -87.6666392, -87.66456455, -87.68720679, -87.68760612, 41.9277437, 41.92108492, 41.91789674, 41.91386511, 41.91041336, 41.91025635, 41.9277437))"
86,Logan Square,"list(c(-87.74690533, -87.7077768, -87.68778191, -87.68717644, -87.7459991, -87.74690533, 41.93878267, 41.93927722, 41.92789107, 41.91036099, 41.90962533, 41.93878267))"
87,Palmer Square,"list(c(-87.6885895, -87.70689576, -87.70729311, -87.70048688, -87.6885895, 41.9176133, 41.9173641, 41.92472747, 41.92474858, 41.9176133))"
88,Ranch Triangle,"list(c(-87.64859965, -87.64833133, -87.65432405, -87.66036323, -87.65805735, -87.65804828, -87.64859965, 41.91816095, 41.91093121, 41.91070865, 41.91702581, 41.91718437, 41.91804481, 41.91816095))"
89,Sheffield Neighborhood,"list(c(-87.66324241, -87.6648328, -87.66675909, -87.66594901, -87.66580869, -87.64875097, -87.64848445, -87.65816349, -87.65817256, -87.66013192, -87.66324241, 41.9171287, 41.9192892, 41.92239817, 41.92273767, 41.92514623, 41.92556209, 41.91816027, 41.91804549, 41.91718505, 41.9171105, 41.9171287))"
90,Wrightwood Neighbors,"list(c(-87.66596379, -87.64902122, -87.64886527, -87.66592391, -87.66596379, 41.93237526, 41.93261973, 41.92564882, 41.9251469, 41.93237526))"
91,West DePaul,"list(c(-87.67829528, -87.67310811, -87.66619336, -87.66603912, -87.66822916, -87.6682372, -87.67829528, 41.93227418, 41.93241656, 41.93246264, 41.92514757, 41.92507423, 41.92429983, 41.93227418))"
92,Park West,"list(c(-87.63933811, -87.63941645, -87.64886527, -87.64890599, -87.63933811, 41.93290581, 41.92567816, 41.92564882, 41.93261904, 41.93290581))"
93,Lincoln Park,"list(c(-87.63638328, -87.64372273, -87.64833133, -87.64875005, -87.63665121, -87.63638328, 41.9185177, 41.91098967, 41.91093121, 41.92564813, 41.92566141, 41.9185177))"
94,Old Town Triangle,"list(c(-87.63638328, -87.63151053, -87.64337623, -87.63638328, 41.9185177, 41.91108778, 41.91107364, 41.9185177))"
95,Old Town,"list(c(-87.64360662, -87.63162573, -87.63135934, -87.64022997, -87.64003406, -87.64302856, -87.64360662, 41.91107502, 41.91108848, 41.9038587, 41.90374049, 41.90055548, 41.90057352, 41.91107502))"
96,Cabrini Green,"list(c(-87.64314466, -87.64003406, -87.64007873, -87.64307304, -87.64314466, 41.90048816, 41.90055548, 41.89642537, 41.8964434, 41.90048816))"
97,Magnificent Mile,"list(c(-87.62541833, -87.62554414, -87.62266683, -87.62277079, -87.62541833, 41.88902171, 41.89848794, 41.89829807, 41.8889193, 41.88902171))"
98,Gold Coast,"list(c(-87.63173903, -87.62609368, -87.6243363, -87.62377565, -87.62009961, -87.61680959, -87.622684, -87.62266588, -87.62554509, -87.6255641, -87.62821291, -87.62837794, -87.62882446, -87.6313584, -87.63173903, 41.91126127, 41.91131269, 41.90355741, 41.90217715, 41.90129388, 41.89679883, 41.89674928, 41.89838411, 41.89840189, 41.89668102, 41.89669732, 41.90263575, 41.90392923, 41.90394475, 41.91126127))"
99,Streeterville,"list(c(-87.62280012, -87.61681152, -87.61362746, -87.61414022, -87.61989583, -87.62265946, -87.62280012, 41.89666395, 41.89662674, 41.89299275, 41.88834928, 41.88855728, 41.88857442, 41.89666395))"
100,Near North,"list(c(-87.62882351, -87.6280968, -87.62544798, -87.62541738, -87.62785357, -87.6310768, -87.63120722, -87.6399617, -87.6401148, -87.62882351, 41.90401527, 41.89678265, 41.89676635, 41.88910775, 41.8874878, 41.8875936, 41.89671566, 41.89659676, 41.90373979, 41.90401527))"
101,River North,"list(c(-87.64399436, -87.63132239, -87.63119195, -87.63545249, -87.63765527, -87.63845104, -87.63935082, -87.64196778, -87.64401934, -87.64399436, 41.89644894, 41.89671637, 41.88759431, 41.88762028, 41.88625685, 41.88720821, 41.8891928, 41.89213427, 41.89412575, 41.89644894))"
102,Goose Island,"list(c(-87.64307304, -87.65827948, -87.65986196, -87.66131948, -87.66082626, -87.66172158, -87.66411625, -87.64349235, -87.64307304, 41.8964434, 41.89610355, 41.89895248, 41.9027472, 41.9058421, 41.90834277, 41.91068009, 41.91098829, 41.8964434))"
103,West End,"list(c(-87.69179645, -87.68661231, -87.68635802, -87.69142543, -87.69179645, 41.88442082, 41.88464989, 41.87561322, 41.87546956, 41.88442082))"
104,Westhaven Park,"list(c(-87.66694423, -87.66687256, -87.67009262, -87.68237684, -87.6841085, -87.68652362, -87.68659988, -87.67669464, -87.66914361, -87.66694423, 41.88537929, 41.88334416, 41.88313158, 41.88306314, 41.88316543, 41.88299408, 41.88463616, 41.88501927, 41.88513769, 41.88537929))"
105,Near West Side,"list(c(-87.6863505, -87.68652362, -87.68407803, -87.68256271, -87.67665265, -87.67012379, -87.66684162, -87.66667029, -87.6863505, 41.87561725, 41.88299408, 41.88311901, 41.88304107, 41.88307679, 41.88310864, 41.88334398, 41.87601337, 41.87561725))"
106,Greektown,"list(c(-87.64585136, -87.64543106, -87.65062786, -87.65096622, -87.64585136, 41.88256512, 41.87559524, 41.87565708, 41.88262646, 41.88256512))"
107,West Loop,"list(c(-87.65095785, -87.64833749, -87.64658529, -87.64574142, -87.6458101, -87.65100779, -87.65066878, -87.6666292, -87.6671748, -87.65095785, 41.89116605, 41.88926988, 41.8872247, 41.88512327, 41.88256487, 41.88259587, 41.87568815, 41.87599772, 41.8909838, 41.89116605))"
108,West Loop Gate,"list(c(-87.64543073, -87.64577018, -87.645752, -87.64613875, -87.64792955, -87.65091594, -87.64307644, -87.64134165, -87.63999816, -87.63768637, -87.63786609, -87.63825024, -87.63705726, -87.64543073, 41.87562606, 41.88244132, 41.88413681, 41.88654379, 41.88883584, 41.89122746, 41.89124226, 41.89141679, 41.88974392, 41.88606129, 41.8847059, 41.87971392, 41.87560643, 41.87562606))"
109,The Loop,"list(c(-87.63680978, -87.63800642, -87.63743885, -87.63565119, -87.63330036, -87.62863896, -87.6270679, -87.62556913, -87.62296937, -87.61744736, -87.61753198, -87.62062556, -87.62070552, -87.61736323, -87.6172677, -87.62060986, -87.62072113, -87.63680978, 41.87560493, 41.87937333, 41.88605979, 41.88731293, 41.88723697, 41.88717763, 41.88747627, 41.8887002, 41.88874581, 41.88815659, 41.88427267, 41.88432274, 41.88083955, 41.88091125, 41.87838267, 41.87831098, 41.87572203, 41.87560493))"
110,Little Italy,"list(c(-87.6666292, -87.66007216, -87.65314393, -87.65327668, -87.66639441, -87.6666292, 41.87599772, 41.87583615, 41.87567201, 41.86704064, 41.86684011, 41.87599772))"
111,University Village,"list(c(-87.64543106, -87.64423745, -87.66622227, -87.66639473, -87.65327635, -87.6531017, -87.64543106, 41.87559524, 41.85998855, 41.85959425, 41.86680928, 41.86707147, 41.87576424, 41.87559524))"
112,Pilsen,"list(c(-87.64670855, -87.64656661, -87.66606948, -87.66613919, -87.64670855, 41.85986633, 41.85257609, 41.85225259, 41.859652, 41.85986633))"
113,Heart Of Chicago,"list(c(-87.66613919, -87.66606948, -87.68064117, -87.68073206, -87.68571769, -87.68586076, -87.68527262, -87.68197253, -87.67853141, -87.67398338, -87.66613919, 41.859652, 41.85225259, 41.84663634, 41.85211761, 41.85203622, 41.85965527, 41.85981637, 41.85990732, 41.85944929, 41.85969731, 41.859652))"
114,Heart Of Italy,"list(c(-87.68579154, -87.68080537, -87.68071336, -87.68549692, -87.68579154, 41.85198183, 41.85211803, 41.84674637, 41.84485518, 41.85198183))"
115,The M.D.,"list(c(-87.67279062, -87.66670207, -87.66613976, -87.67376401, -87.67404937, -87.67851687, -87.68210025, -87.68326104, -87.68406417, -87.68596814, -87.68595597, -87.68359043, -87.67641572, -87.67279062, 41.87585862, 41.87604267, 41.8595972, 41.85964124, 41.86041018, 41.8608742, 41.86177149, 41.86298383, 41.86331722, 41.8635472, 41.86475289, 41.86665779, 41.8727554, 41.87585862))"
116,Tri-Taylor,"list(c(-87.68628534, -87.67293671, -87.68595708, -87.68628534, 41.87571622, 41.87591427, 41.86464328, 41.87571622))"
117,West Tri-Taylor,"list(c(-87.6914211, -87.68643255, -87.68608381, -87.69099779, -87.6914211, 41.87547101, 41.87566224, 41.86661707, 41.86648023, 41.87547101))"
118,Douglas Park,"list(c(-87.69591066, -87.68601105, -87.68596814, -87.68391976, -87.68224298, -87.68160598, -87.68519765, -87.68585966, -87.68586353, -87.68580957, -87.69558185, -87.69591066, 41.8664528, 41.86656185, 41.8635472, 41.86309718, 41.86215596, 41.85990524, 41.85998037, 41.85976487, 41.85938124, 41.85746268, 41.85527025, 41.8664528))"
119,Lawndale,"list(c(-87.69896041, -87.71531025, -87.73958082, -87.7397242, -87.74005512, -87.76432843, -87.76442356, -87.74337486, -87.74014704, -87.7381637, -87.73521996, -87.7319182, -87.72062481, -87.708155, -87.70058934, -87.69633357, -87.69149552, -87.69099724, -87.7030964, -87.70283803, -87.69557913, -87.69558131, -87.69896041, 41.85463127, 41.85445662, 41.84591481, 41.8541915, 41.86597683, 41.86555158, 41.87136164, 41.87174871, 41.8718965, 41.87226989, 41.87340556, 41.87360754, 41.87365746, 41.87402871, 
41.87530266, 41.87555317, 41.87536181, 41.86653504, 41.86643765, 41.85541993, 41.85554427, 41.85532506, 41.85463127))"
120,The Island,"list(c(-87.77432338, -87.76691951, -87.76471298, -87.76432843, -87.77422783, -87.77432338, 41.87130064, 41.87104513, 41.87180153, 41.86555158, 41.86543577, 41.87130064))"
121,Little Village,"list(c(-87.68573515, -87.68549747, -87.69854643, -87.70016213, -87.70201008, -87.7033433, -87.70489901, -87.70696603, -87.70998246, -87.71336202, -87.71446709, -87.71463371, -87.7388953, -87.73950651, -87.71523675, -87.69859442, -87.68573515, 41.85757187, 41.84480038, 41.8445992, 41.84427927, 41.84270002, 41.84128235, 41.83959183, 41.83806851, 41.83687915, 41.83602052, 41.83542359, 41.83334179, 41.83286703, 41.84602404, 41.85444598, 41.85457444, 41.85757187))"
122,Brightern Park,"list(c(-87.6846371, -87.68399844, -87.7146956, -87.71372913, -87.71391509, -87.71287368, -87.71291653, -87.71444195, -87.71433912, -87.6846371, 41.83564265, 41.804563, 41.80407472, 41.80554933, 41.80905804, 41.81069666, 41.82143924, 41.82281767, 41.82588635, 41.83564265))"
123,Gage Park,"list(c(-87.67967516, -87.67949583, -87.68396372, -87.68388695, -87.7131837, -87.7133842, -87.71169126, -87.71179802, -87.71370235, -87.71352365, -87.67967516, 41.8047029, 41.79352105, 41.79349158, 41.78658533, 41.78614432, 41.79573683, 41.79660461, 41.80071579, 41.80072608, 41.8040684, 41.8047029))"
124,West Elsdon,"list(c(-87.73792405, -87.73616685, -87.71550817, -87.7146956, -87.71367014, -87.71318423, -87.73764565, -87.73792405, 41.79531856, 41.79525463, 41.80336659, 41.80407472, 41.80406919, 41.78608952, 41.7858353, 41.79531856))"
125,Archer heights,"list(c(-87.71426796, -87.71436709, -87.71902495, -87.71863463, -87.71399151, -87.71380238, -87.7144727, -87.71528738, -87.73594714, -87.7379983, -87.74283249, -87.74287604, -87.74330377, -87.73836326, -87.73866584, -87.71426796, 41.82566673, 41.82298169, 41.81862206, 41.81346803, 41.80872961, 41.80554972, 41.80440237, 41.80347502, 41.79525349, 41.79520933, 41.79517947, 41.79841337, 41.80767813, 41.80770815, 41.81806773, 41.82566673))"
126,Sleepy Hollow,"list(c(-87.73873911, -87.73839488, -87.74330377, -87.74336729, -87.73873911, 41.81806811, 41.80776243, 41.80767813, 41.81672177, 41.81806811))"
127,Le Claire Court,"list(c(-87.75314135, -87.74329504, -87.74330377, -87.75297451, -87.75314135, 41.81342827, 41.81661178, 41.80767813, 41.80756297, 41.81342827))"
128,Vittum Park,"list(c(-87.75290175, -87.74323102, -87.74287353, -87.75262853, -87.75290175, 41.8075078, 41.80762295, 41.7986874, 41.7972025, 41.8075078))"
129,Midway,"list(c(-87.73787161, -87.73771989, -87.74262659, -87.74240061, -87.76173474, -87.76233661, -87.73787161, 41.79307115, 41.78572607, 41.7856966, 41.77840594, 41.77801048, 41.79270208, 41.79307115))"
130,Clearing,"list(c(-87.74232739, -87.74228789, -87.80072473, -87.80085302, -87.79501256, -87.79339427, -87.79090324, -87.76204489, -87.76180893, -87.74232739, 41.77840556, 41.7747332, 41.77364876, 41.77584169, 41.7825559, 41.78342524, 41.78357793, 41.78431498, 41.77790123, 41.77840556))"
131,Chrysler Village,"list(c(-87.75580307, -87.74730776, -87.74697411, -87.75554217, -87.75580307, 41.77809043, 41.77826665, 41.7747024, 41.77452658, 41.77809043))"
132,Garfield Ridge,"list(c(-87.73792455, -87.7378711, -87.76241033, -87.76197166, -87.79112199, -87.79317414, -87.79442309, -87.80092715, -87.80162146, -87.79692257, -87.75282105, -87.75262903, -87.74294677, -87.74283249, -87.73792455, 41.79526375, 41.79312596, 41.79264764, 41.78431461, 41.78368858, 41.78347901, 41.7829916, 41.77573242, 41.7980426, 41.79939096, 41.80021792, 41.79714769, 41.79868777, 41.79517947, 41.79526375))"
133,Chicago Lawn,"list(c(-87.713111, -87.68381372, -87.68366873, -87.71288837, -87.713111, 41.78608912, 41.78658491, 41.77918499, 41.77879843, 41.78608912))"
134,West Lawn,"list(c(-87.74255336, -87.71318423, -87.71229285, -87.73648308, -87.73734179, -87.74210096, -87.74255336, 41.78569622, 41.78608952, 41.75703629, 41.76905793, 41.77119991, 41.77116969, 41.78569622))"
135,Marquette Park,"list(c(-87.68332073, -87.69320551, -87.69318698, -87.71266472, -87.71296159, -87.68366818, -87.68332073, 41.77013966, 41.77003073, 41.77189411, 41.77161733, 41.77879882, 41.77923979, 41.77013966))"
136,Lithuanian Plaza,"list(c(-87.69320551, -87.68339394, -87.68335725, -87.69294865, -87.69320551, 41.77003073, 41.77014007, 41.76652252, 41.76641195, 41.77003073))"
137,Ford City,"list(c(-87.72206248, -87.73179777, -87.74153708, -87.7419928, -87.73155719, -87.72403249, -87.72227986, -87.72206248, 41.75341651, 41.75335828, 41.75286077, 41.7670037, 41.76344178, 41.76181267, 41.7613649, 41.75341651))"
138,Scottsdale,"list(c(-87.74146389, -87.73172407, -87.72213619, -87.72143435, -87.7411198, -87.74146389, 41.75286039, 41.7534127, 41.7533621, 41.73477825, 41.73455254, 41.75286039))"
139,Mount Greenwood Heights,"list(c(-87.71188386, -87.70207707, -87.70203986, -87.71162605, -87.71188386, 41.73872803, 41.73883899, 41.73516661, 41.73510926, 41.73872803))"
140,Parkview,"list(c(-87.71199586, -87.71170081, -87.72165385, -87.71199586, 41.74229119, 41.73494524, 41.73477942, 41.74229119))"
141,Ashburn,"list(c(-87.69309506, -87.68335725, -87.68306593, -87.70247556, -87.70215025, -87.71188386, -87.71184898, -87.72143383, -87.72235046, -87.71229337, -87.71251642, -87.69311304, -87.69309506, 41.76641277, 41.76652252, 41.75912174, 41.7504606, 41.7388394, 41.73872803, 41.74234521, 41.73483306, 41.76163932, 41.75698149, 41.7642174, 41.76460419, 41.76641277))"
142,Wrightwood,"list(c(-87.68306649, -87.68270191, -87.68438503, -87.68555865, -87.68680984, -87.68747723, -87.68740227, -87.70203986, -87.70247502, -87.68306649, 41.75906693, 41.74443101, 41.74444052, 41.7441731, 41.74346764, 41.74259446, 41.73546892, 41.73516661, 41.7505154, 41.75906693))"
143,Beverly View,"list(c(-87.68293765, -87.67832529, -87.67834256, -87.67835649, -87.67881061, -87.67998983, -87.68160422, -87.68270191, -87.68293765, 41.75007762, 41.75021584, 41.74851688, 41.74714674, 41.7456695, 41.74485408, 41.74442479, 41.74443101, 41.75007762))"
144,Gresham,"list(c(-87.68308253, -87.64193837, -87.641354, -87.63982873, -87.63955012, -87.63929515, -87.63861587, -87.63678423, -87.63439861, -87.63048682, -87.62700424, -87.62438421, -87.64392501, -87.64523666, -87.64639091, -87.64821652, -87.649386, -87.66277804, -87.66520043, -87.66638182, -87.66697902, -87.67060443, -87.67479427, -87.67696486, -87.67751512, -87.677933, -87.67835148, -87.67839792, -87.68293599, -87.68308253, 41.75747758, 41.75811429, 41.75800115, 41.75689579, 41.7555787, 41.75206943, 41.74718737, 
41.74059926, 41.73789916, 41.73425793, 41.73155096, 41.73027422, 41.72979023, 41.73029137, 41.73183292, 41.73217267, 41.73228926, 41.73209415, 41.73134094, 41.73030643, 41.72915892, 41.73235879, 41.7376445, 41.7400685, 41.74352458, 41.74560969, 41.74763999, 41.75027106, 41.75024203, 41.75747758))"
145,Dan Ryan Woods,"list(c(-87.67327788, -87.67862033, -87.67858947, -87.68239512, -87.68270246, -87.68094505, -87.67932621, -87.67858495, -87.67835538, -87.67744863, -87.67703747, -87.67421619, -87.67327788, 41.73566269, 41.73558364, 41.73141801, 41.73133001, 41.7443762, 41.74447585, 41.74534359, 41.74627111, 41.74725635, 41.7428665, 41.74012372, 41.73692868, 41.73566269))"
146,West Englewood,"list(c(-87.68396372, -87.66452907, -87.66363303, -87.68305758, -87.68396372, 41.79349158, 41.79367239, 41.75778605, 41.75753225, 41.79349158))"
147,Englewood,"list(c(-87.66452907, -87.62565717, -87.62512371, -87.63132466, -87.6365962, -87.63920445, -87.63935082, -87.64031098, -87.64206056, -87.66363379, -87.66452907, 41.79367239, 41.79424335, 41.77173221, 41.75810473, 41.75799067, 41.75142945, 41.75596116, 41.75742851, 41.75809675, 41.75771298, 41.79367239))"
148,Back Of The Yard,"list(c(-87.64594981, -87.64552005, -87.65030662, -87.65025009, -87.64077441, -87.64011282, -87.65486054, -87.65509185, -87.65997538, -87.65984051, -87.67956888, -87.67974823, -87.68394776, -87.68435083, -87.68309711, -87.67959295, -87.67549834, -87.67110325, -87.66797355, -87.66523303, -87.66549192, -87.64594981, 41.82345129, 41.8088333, 41.80878878, 41.80491535, 41.80507785, 41.79396611, 41.79376185, 41.7996094, 41.79956505, 41.79379115, 41.79353973, 41.80472159, 41.80474541, 41.82287083, 41.82125604, 
41.81999384, 41.81916661, 41.81906828, 41.81941558, 41.81991121, 41.82320119, 41.82345129))"
149,Canaryville,"list(c(-87.63617911, -87.63622091, -87.63753097, -87.6407752, -87.64546303, -87.64594903, -87.63617911, 41.82353856, 41.81067725, 41.80695825, 41.80500478, 41.80503294, 41.82352436, 41.82353856))"
150,Legends South,"list(c(-87.62640759, -87.62575402, -87.63122303, -87.63174874, -87.63005481, -87.63031604, -87.62640759, 41.82369806, 41.79431703, 41.79427751, 41.80875001, 41.8118089, 41.82364898, 41.82369806))"
151,Fuller Park,"list(c(-87.63060912, -87.63005561, -87.63175433, -87.63122303, -87.63552028, -87.6355068, -87.63468117, -87.63472168, -87.63584766, -87.63627601, -87.63060912, 41.82365077, 41.81173582, 41.80823851, 41.79427751, 41.79423061, 41.79547285, 41.79956016, 41.80482197, 41.80906728, 41.82361222, 41.82365077))"
152,Bronzeville,"list(c(-87.60418072, -87.62586492, -87.62650448, -87.6285576, -87.62867446, -87.63180013, -87.63181804, -87.62800561, -87.62810717, -87.62595074, -87.6238904, -87.61724487, -87.61686385, -87.6187204, -87.61893389, -87.62685039, -87.62652341, -87.61714156, -87.61712449, -87.60696213, -87.60485683, -87.60429558, -87.60418072, 41.80222062, 41.80199083, 41.82377174, 41.8236382, 41.83080045, 41.83089266, 41.83820046, 41.83832326, 41.84687386, 41.84744521, 41.84816327, 41.84812203, 41.83847353, 41.8384851, 
41.84564794, 41.84562384, 41.83093339, 41.83109451, 41.82385979, 41.8240152, 41.82012879, 41.81793292, 41.80222062))"
153,Oakwood Shores,"list(c(-87.61712449, -87.61733615, -87.60942144, -87.60549263, -87.60696213, -87.61712449, 41.82385979, 41.8311688, 41.83119226, 41.82437129, 41.8240152, 41.82385979))"
154,Oakland,"list(c(-87.60539494, -87.60932374, -87.60688118, -87.60360661, -87.60148976, -87.59619887, -87.60430801, -87.60447603, -87.60533366, -87.60696296, -87.60539494, 41.82437067, 41.83119165, 41.83117622, 41.82699009, 41.82412662, 41.81693125, 41.81683685, 41.81924945, 41.82115489, 41.82394213, 41.82437067))"
155,The Gap,"list(c(-87.61881812, -87.61821628, -87.6265226, -87.62663843, -87.61881812, 41.83848571, 41.8311012, 41.83100646, 41.83824178, 41.83848571))"
156,South Commons,"list(c(-87.62685039, -87.61903162, -87.61881893, -87.62663843, -87.62685039, 41.84562384, 41.84564855, 41.83841263, 41.83824178, 41.84562384))"
157,Lake Meadows,"list(c(-87.61059387, -87.61821628, -87.61872122, -87.61002308, -87.60840319, -87.60938027, -87.61182625, -87.61163904, -87.61059387, 41.83119965, 41.8311012, 41.83841203, 41.83850373, 41.83483968, 41.83484584, 41.83456893, 41.83383698, 41.83119965))"
158,Groveland Park,"list(c(-87.61172772, -87.60830631, -87.60648954, -87.61059304, -87.61172772, 41.83464139, 41.83476599, 41.83124682, 41.83127272, 41.83464139))"
159,Prairie Shores,"list(c(-87.61707631, -87.61150437, -87.60855738, -87.61686385, -87.61707631, 41.84570945, 41.84582072, 41.83849449, 41.83847353, 41.84570945))"
160,Dearborn Homes,"list(c(-87.62831626, -87.6279079, -87.63083931, -87.63081134, -87.63127356, -87.63398509, -87.62831626, 41.84563284, 41.83832266, 41.83834063, 41.84089814, 41.8433125, 41.84559442, 41.84563284))"
161,Ickes Homes,"list(c(-87.63201064, -87.62820329, -87.62821853, -87.63378884, -87.63368236, -87.63201064, 41.8474093, 41.84702061, 41.84563224, 41.8456663, 41.8464695, 41.8474093))"
162,Park Boulevard,"list(c(-87.62845991, -87.63226987, -87.63258175, -87.62857515, -87.62845991, 41.8236376, 41.82366092, 41.83089744, 41.830946, 41.8236376))"
163,Wentworth Garden,"list(c(-87.6325231, -87.63226987, -87.6352991, -87.63516251, -87.6325231, 41.82731631, 41.82366092, 41.82360629, 41.82718623, 41.82731631))"
164,Bridgeport,"list(c(-87.63179933, -87.63648984, -87.63647139, -87.66539499, -87.66581338, -87.65128008, -87.64717795, -87.64600369, -87.64403899, -87.64198201, -87.63759536, -87.63427985, -87.63175419, -87.63079215, -87.63084011, -87.63181724, -87.63179933, 41.83096574, 41.83092121, 41.82361341, 41.82312755, 41.83927998, 41.84591766, 41.845674, 41.84581313, 41.84675135, 41.84717745, 41.84612789, 41.84545006, 41.84404621, 41.84265187, 41.83826756, 41.83827353, 41.83096574))"
165,McKinley Park,"list(c(-87.68454547, -87.68489677, -87.68196023, -87.67657931, -87.67267077, -87.66865772, -87.66591033, -87.66513307, -87.66591684, -87.66698836, -87.6712783, -87.67342894, -87.67753706, -87.67998072, -87.68319332, -87.68454547, 41.822945, 41.8365393, 41.83703423, 41.83766128, 41.83763886, 41.8382734, 41.83935362, 41.82012986, 41.81991519, 41.82021372, 41.82104237, 41.82090859, 41.82042058, 41.82028835, 41.82140274, 41.822945))"
166,Mount Greenwood Heights,"list(c(-87.71162706, -87.71139423, -87.72013664, -87.72037125, -87.71162706, 41.68975983, 41.68417229, 41.68411184, 41.68959194, 41.68975983))"
167,Mount Greenwood,"list(c(-87.69641488, -87.6957373, -87.69932003, -87.69933796, -87.7004844, -87.70050335, -87.70523228, -87.70541005, -87.71143044, -87.71162602, -87.72036921, -87.72115135, -87.71254734, -87.71270827, -87.71141801, -87.71118411, -87.69641488, 41.70632789, 41.68784649, 41.68786631, 41.68604013, 41.68604644, 41.68411284, 41.68413878, 41.68059461, 41.68041249, 41.68986725, 41.68980679, 41.71312286, 41.71329156, 41.71146616, 41.71145918, 41.70597909, 41.70632789))"
168,Beverly Woods,"list(c(-87.68101014, -87.68065406, -87.68652874, -87.68579616, -87.68588238, -87.68101014, 41.68443356, 41.67712641, 41.67715962, 41.67876692, 41.68446111, 41.68443356))"
169,Kennedy Park,"list(c(-87.69111295, -87.68107966, -87.68086684, -87.69089793, -87.69111295, 41.69168816, 41.69173908, 41.68443275, 41.68448926, 41.69168816))"
170,West Beverly,"list(c(-87.69175505, -87.68171944, -87.68143586, -87.69132588, -87.69130879, -87.68786868, -87.68811884, -87.69155914, -87.69175505, 41.71360707, 41.7135506, 41.69904622, 41.69910189, 41.70082065, 41.70080138, 41.70445533, 41.7044746, 41.71360707))"
171,West Morgan Park,"list(c(-87.69118362, -87.68143586, -87.68122298, -87.69096964, -87.69118362, 41.69899367, 41.69904622, 41.69173989, 41.69168736, 41.69899367))"
172,Margan Park,"list(c(-87.68143586, -87.64272799, -87.64216543, -87.66208999, -87.66144947, -87.68065297, -87.68143586, 41.69904622, 41.69957212, 41.68517337, 41.68475433, 41.67744545, 41.67723383, 41.69904622))"
173,Beverly,"list(c(-87.65977782, -87.66737957, -87.66856413, -87.66996699, -87.68143586, -87.68254417, -87.67852774, -87.67848519, -87.67317775, -87.67048822, -87.66707532, -87.66708309, -87.66285819, -87.65977782, 41.71406865, 41.71379067, 41.71014499, 41.69919544, 41.69904622, 41.73128084, 41.73136545, 41.73555487, 41.73563193, 41.73217877, 41.72936592, 41.72861397, 41.72117689, 41.71406865))"
174,East Beverly,"list(c(-87.65963558, -87.6558414, -87.65864141, -87.66982365, -87.66888624, -87.66871081, -87.66737846, -87.65963558, 41.71396039, 41.70663299, 41.69934436, 41.69919461, 41.70670916, 41.70982355, 41.71389809, 41.71396039))"
175,Longwood Manor,"list(c(-87.62085626, -87.62050345, -87.62041907, -87.62325139, -87.6257042, -87.62966285, -87.63396618, -87.64644022, -87.65318412, -87.6558414, -87.66300046, -87.62085626, 41.72165069, 41.71844941, 41.71437732, 41.71565511, 41.71615495, 41.71464018, 41.7144516, 41.71441941, 41.71392238, 41.70663299, 41.72128515, 41.72165069))"
176,Brainerd,"list(c(-87.63394182, -87.63360138, -87.66299934, -87.66722538, -87.6662038, -87.66418279, -87.66288879, -87.65342172, -87.64797114, -87.6469673, -87.64597834, -87.64484259, -87.63394182, 41.72992101, 41.72164703, 41.72139257, 41.72872222, 41.73043514, 41.73171251, 41.73202725, 41.73218648, 41.73226153, 41.73225553, 41.73085307, 41.72977199, 41.72992101))"
177,Washington Heights,"list(c(-87.64285605, -87.64272799, -87.65864141, -87.65318185, -87.64285605, 41.71439793, 41.69957212, 41.69934436, 41.71413723, 41.71439793))"
178,West Pullman,"list(c(-87.61206745, -87.61732829, -87.64168472, -87.64160539, -87.66123667, -87.66208999, -87.61206745, 41.68541813, 41.66332078, 41.66314764, 41.67055974, 41.67035393, 41.68475433, 41.68541813))"
179,Eden Green,"list(c(-87.61809091, -87.61264768, -87.61188892, -87.61861565, -87.61809091, 41.65913581, 41.65910181, 41.65007303, 41.65054477, 41.65913581))"
180,Riverdale,"list(c(-87.61217537, -87.61223886, -87.61724884, -87.61732902, -87.61217537, 41.65007483, 41.6443815, 41.64462768, 41.65032191, 41.65007483))"
181,Altgeld Gardens,"list(c(-87.6050534, -87.59472765, -87.58990921, -87.59320361, -87.59308867, -87.5942345, -87.59368125, -87.59640376, -87.59614548, -87.5993012, -87.60230273, -87.60501545, -87.6050534, 41.65926879, 41.66027719, 41.65573412, 41.65575538, 41.65328378, 41.65329116, 41.65156874, 41.6514788, 41.64900628, 41.64859676, 41.64915303, 41.64992226, 41.65926879))"
182,Golden Gate,"list(c(-87.60505461, -87.60501666, -87.61203694, -87.61250563, -87.60505461, 41.65916137, 41.64981484, 41.64964425, 41.65899349, 41.65916137))"
183,Avalon Trails,"list(c(-87.5592576, -87.5435004, -87.54316913, -87.55949862, -87.5592576, 41.66745634, 41.6672417, 41.6591823, 41.6592934, 41.66745634))"
184,Hegewisch,"list(c(-87.53987328, -87.53992779, -87.55937081, -87.55935538, -87.53987328, 41.65926702, 41.64315311, 41.6580034, 41.65929244, 41.65926702))"
185,Arizona,"list(c(-87.5400152, -87.53414232, -87.53399, -87.53986189, -87.5400152, 41.65937543, 41.65933474, 41.6484834, 41.64852409, 41.65937543))"
186,Fernwood,"list(c(-87.62337211, -87.64272684, -87.6428549, -87.63353608, -87.63023749, -87.62764984, -87.62563091, -87.62334408, -87.62364264, -87.62337211, 41.69999131, 41.69967954, 41.71450535, 41.71444898, 41.71453627, 41.71516497, 41.71622683, 41.71556816, 41.71449573, 41.69999131))"
187,Pullman,"list(c(-87.61040936, -87.59808042, -87.5979469, -87.60203152, -87.60404017, -87.61221075, -87.61040936, 41.69271282, 41.69295689, 41.69209661, 41.68578442, 41.68558232, 41.68541903, 41.69271282))"
188,Roseland,"list(c(-87.64257227, -87.6232959, -87.62365338, -87.62312522, -87.620418, -87.6195585, -87.62023961, -87.62109599, -87.60867687, -87.61220331, -87.6422116, -87.64257227, 41.69958352, 41.6998538, 41.71439734, 41.7153635, 41.71447426, 41.71030041, 41.70720249, 41.69993713, 41.70005337, 41.68543725, 41.68494303, 41.69958352))"
189,Rosemoor,"list(c(-87.62059641, -87.60377174, -87.60880621, -87.62096665, -87.62066301, -87.62010382, -87.61943021, -87.62003738, -87.62041585, -87.62059641, 41.72174602, 41.7220282, 41.70005419, 41.69993633, 41.70400602, 41.7077833, 41.71020267, 41.7137933, 41.71466813, 41.72174602))"
190,North Pullman,"list(c(-87.60703639, -87.60173267, -87.60193454, -87.60555842, -87.60524145, -87.60989745, -87.60703639, 41.70789534, 41.70786169, 41.70146479, 41.70129392, 41.69499066, 41.69502006, 41.70789534))"
191,Cottage Grove Heights,"list(c(-87.58513665, -87.58495323, -87.58522884, -87.58808285, -87.60568267, -87.60377064, -87.58513665, 41.7221992, 41.71570289, 41.71425056, 41.71359051, 41.71321859, 41.72212513, 41.7221992))"
192,Chatham,"list(c(-87.62524222, -87.60530098, -87.60502969, -87.62444865, -87.62524222, 41.75822481, 41.75848795, 41.73667439, 41.73621419, 41.75822481))"
193,West Chatham,"list(c(-87.62438106, -87.62771695, -87.63195797, -87.63361197, -87.63512932, -87.63627531, -87.6360112, -87.63438441, -87.63251944, -87.63145845, -87.62550221, -87.62438106, 41.73059114, 41.73322911, 41.73596944, 41.73859695, 41.7419022, 41.74365411, 41.74413722, 41.75091324, 41.75574896, 41.75806907, 41.75812947, 41.73059114))"
194,Winneconna Parkway,"list(c(-87.6389004, -87.63630618, -87.6342171, -87.63318147, -87.63640264, -87.63869585, -87.63943281, -87.6389004, 41.75229781, 41.75276681, 41.75440212, 41.75439581, 41.74384877, 41.74725561, 41.75094384, 41.75229781))"
195,Auburn Park,"list(c(-87.63663792, -87.63132899, -87.63318147, -87.63460546, -87.63565263, -87.63708288, -87.63877095, -87.63663792, 41.75800366, 41.75806828, 41.75439581, 41.75440448, 41.75334449, 41.75277151, 41.75229702, 41.75800366))"
196,West Chesterfield,"list(c(-87.61448144, -87.61425429, -87.62421819, -87.62470642, -87.61448144, 41.73634614, 41.72190039, 41.72186537, 41.73631272, 41.73634614))"
197,Burnside,"list(c(-87.6146087, -87.59545065, -87.59507128, -87.59201325, -87.588843, -87.58681868, -87.6141249, -87.6146087, 41.73654082, 41.73680716, 41.73602919, 41.731841, 41.72619788, 41.72221014, 41.72189958, 41.73654082))"
198,East Chatham,"list(c(-87.60525259, -87.59696694, -87.60036959, -87.60490027, -87.60525259, 41.75131398, 41.75135812, 41.7367417, 41.73667357, 41.75131398))"
199,Marynook,"list(c(-87.58578726, -87.58561387, -87.59558117, -87.59760869, -87.59307884, -87.59303765, -87.58578726, 41.74420919, 41.73684051, 41.73671105, 41.74050478, 41.74047568, 41.74406226, 41.74420919))"
200,Avalon Park,"list(c(-87.58583236, -87.58578839, -87.59886427, -87.59709528, -87.58583236, 41.7514801, 41.74411226, 41.74390577, 41.75145588, 41.7514801))"
201,Stony Island Park,"list(c(-87.58585035, -87.57390931, -87.57370415, -87.58574104, -87.58585035, 41.74992915, 41.74161082, 41.73705321, 41.73703522, 41.74992915))"
202,Princeton Park,"list(c(-87.63396441, -87.62425592, -87.62408987, -87.63366875, -87.63396441, 41.72997128, 41.7302026, 41.72176763, 41.72143859, 41.72997128))"
203,Calumet Heights,"list(c(-87.59545065, -87.56787926, -87.54695707, -87.5866893, -87.59545065, 41.73680716, 41.7371115, 41.72281673, 41.72220929, 41.73680716))"
204,Pill Hill,"list(c(-87.57935636, -87.57068416, -87.57074836, -87.5794187, -87.57935636, 41.72962593, 41.72976258, 41.72433427, 41.72429454, 41.72962593))"
205,Grand Crossing,"list(c(-87.58622663, -87.58583348, -87.60525259, -87.60560502, -87.59576379, -87.59584664, -87.59273569, -87.59231377, -87.58622663, 41.77329443, 41.75138316, 41.75131398, 41.76595435, 41.76598853, 41.77006059, 41.77033141, 41.77323692, 41.77329443))"
206,Jackson Park Heighlands,"list(c(-87.57651263, -87.57659694, -87.58125806, -87.58147513, -87.58143325, -87.57651263, 41.77342473, 41.76625165, 41.76628226, 41.7698705, 41.77345704, 41.77342473))"
207,South Shore,"list(c(-87.58570291, -87.58609601, -87.58169109, -87.58151927, -87.57646975, -87.57638314, -87.56628181, -87.56649673, -87.55872707, -87.55424823, -87.55633138, -87.5469811, -87.54673167, -87.58570291, 41.75147925, 41.77339053, 41.77355567, 41.76609009, 41.76605693, 41.77342388, 41.77345382, 41.76628162, 41.76632644, 41.76193381, 41.7609785, 41.75267488, 41.75189764, 41.75147925))"
208,Park Manor,"list(c(-87.62552142, -87.62241224, -87.61548929, -87.61549793, -87.60578402, -87.60543044, -87.63145845, -87.62628925, -87.6252342, -87.62521182, -87.62552142, 41.77994136, 41.7800191, 41.77367489, 41.77289941, 41.77303219, 41.75848877, 41.75806907, 41.76899174, 41.77073019, 41.77276581, 41.77994136))"
209,Parkway Gardens,"list(c(-87.62228167, -87.61554636, -87.61561662, -87.62228167, 41.78011524, 41.78017029, 41.77386956, 41.78011524))"
210,West Woodlawn,"list(c(-87.61574268, -87.60602792, -87.60608927, -87.61567587, -87.61574268, 41.78579409, 41.78582994, 41.78040164, 41.7801711, 41.78579409))"
211,Woodlawn,"list(c(-87.5865984, -87.58635499, -87.61549577, -87.61567587, -87.60621987, -87.60615634, -87.5865984, 41.78589917, 41.77339221, 41.77309328, 41.7801711, 41.78030552, 41.7859277, 41.78589917))"
212,Washington Park,"list(c(-87.62605766, -87.61608029, -87.61567478, -87.62551928, -87.62605766, 41.80185329, 41.80198531, 41.78026804, 41.78013523, 41.80185329))"
213,Hyde Park,"list(c(-87.60675063, -87.58757191, -87.58682275, -87.58700178, -87.58877661, -87.60626614, -87.60675063, 41.80212056, 41.80248235, 41.80005397, 41.79578975, 41.78794907, 41.78767333, 41.80212056))"
214,Kenwood,"list(c(-87.60420459, -87.59150405, -87.58958527, -87.58718551, -87.60428701, -87.60420459, 41.80956885, 41.80977835, 41.80763325, 41.80228596, 41.80229883, 41.80956885))"
215,North Kenwood,"list(c(-87.60438128, -87.59621677, -87.59137449, -87.60446261, -87.60438128, 41.8168405, 41.81688534, 41.80977751, 41.80966743, 41.8168405))"
216,South Chicago,"list(c(-87.54685871, -87.54663745, -87.55160892, -87.55162021, -87.54993675, -87.54840449, -87.54827607, -87.54268236, -87.54257412, -87.53915682, -87.53919981, -87.54185888, -87.544059, -87.54657527, -87.54813828, -87.58588393, -87.58586639, -87.54685871, 41.75188742, 41.7445552, 41.74458913, 41.74365832, 41.74155237, 41.7397965, 41.73758477, 41.73766278, 41.73382213, 41.73379856, 41.73030804, 41.72881369, 41.72673433, 41.72419165, 41.72338781, 41.74993708, 41.75144965, 41.75188742))"
217,The Bush,"list(c(-87.54685871, -87.54452665, -87.54397927, -87.54118133, -87.54095931, -87.54468757, -87.54470322, -87.54843141, -87.54840024, -87.55162021, -87.55160892, -87.54663603, -87.54685871, 41.75188742, 41.7519878, 41.74593329, 41.7460304, 41.73881451, 41.73884017, 41.73756031, 41.73758583, 41.74014556, 41.74365832, 41.74458913, 41.74467155, 41.75188742))"
218,Jefferey Manor,"list(c(-87.55981661, -87.56959867, -87.56987754, -87.5796794, -87.56041733, -87.56044522, -87.55952179, -87.55981661, 41.70799099, 41.70805642, 41.71073459, 41.72243541, 41.72265654, 41.72032951, 41.71962512, 41.70799099))"
219,Vet's Park,"list(c(-87.56041733, -87.54690291, -87.54692419, -87.54772338, -87.54901103, -87.55957204, -87.55952179, -87.56060052, -87.56041733, 41.72265654, 41.72279756, 41.72105229, 41.71919598, 41.71548123, 41.71543646, 41.71962512, 41.72033055, 41.72265654))"
220,Slag Valley,"list(c(-87.55957204, -87.54916631, -87.54997384, -87.55157459, -87.55269247, -87.55581603, -87.55831561, -87.55943312, -87.55957204, 41.71543646, 41.71548229, 41.71292785, 41.70898247, 41.70643012, 41.7049386, 41.70367551, 41.70112309, 41.71543646))"
221,South Deering,"list(c(-87.55935181, -87.56167762, -87.56626292, -87.56683143, -87.56915352, -87.56959867, -87.55935359, -87.55935181, 41.69495539, 41.69520375, 41.70128525, 41.70571077, 41.70630804, 41.70805642, 41.70775515, 41.69495539))"
222,East Side,"list(c(-87.54053253, -87.53509683, -87.53203697, -87.53195106, -87.52363588, -87.52446403, -87.52589311, -87.53111522, -87.53980668, -87.54523743, -87.54593457, -87.54452167, -87.54325827, -87.54304886, -87.54038355, -87.53910698, -87.53906257, -87.5398104, -87.54053253, 41.72298651, 41.72294888, 41.71920403, 41.7136181, 41.70797448, 41.691457, 41.6889071, 41.68091471, 41.68097506, 41.68112879, 41.70033323, 41.70160351, 41.70334025, 41.70776054, 41.70983668, 41.71262053, 41.71622742, 41.71855981, 
41.72298651))"
223,East Hyde Park,"list(c(-87.58881046, -87.58614925, -87.58322033, -87.58309876, -87.58419267, -87.58359102, -87.58141956, -87.58081937, -87.57993822, -87.58662644, -87.58637628, -87.58901917, -87.58739708, -87.58673331, -87.58699703, -87.58805315, -87.58881046, 41.80592523, 41.80742062, 41.80519071, 41.80228093, 41.80182263, 41.80007331, 41.79959368, 41.79772799, 41.79330055, 41.7931115, 41.78787369, 41.78789084, 41.79369831, 41.79730115, 41.80137544, 41.80417493, 41.80592523))"
224,Chinatown,"list(c(-87.63403199, -87.63793008, -87.64232273, -87.64372113, -87.64063291, -87.63928674, -87.63710083, -87.63275498, -87.63083837, -87.63053388, -87.63039558, -87.63101593, -87.6323507, -87.63377192, -87.63403199, 41.84562594, 41.84627087, 41.8472914, 41.84860446, 41.84989053, 41.85143557, 41.85378314, 41.85605538, 41.85654069, 41.85399165, 41.85144362, 41.84790621, 41.84741735, 41.84661838, 41.84562594))"
225,Dearborn Park,"list(c(-87.63051844, -87.62744325, -87.62722565, -87.63021724, -87.63051844, 41.87057926, 41.87056039, 41.86012186, 41.86014021, 41.87057926))"
226,Printers Row,"list(c(-87.63071199, -87.62763656, -87.62752636, -87.63051776, -87.63071199, 41.87567478, 41.87565592, 41.87056091, 41.87064138, 41.87567478))"
227,Prairie District,"list(c(-87.62373203, -87.62398476, -87.61841847, -87.61762281, -87.61758197, -87.62373203, 41.85289367, 41.86010188, 41.85994312, 41.85676972, 41.85297976, 41.85289367))"
228,Central Station,"list(c(-87.62415237, -87.62032935, -87.61360408, -87.61768306, -87.61722125, -87.62370181, -87.62373134, -87.61749818, -87.61737144, -87.61883328, -87.62398407, -87.62415237, 41.86749594, 41.86747227, 41.85202301, 41.85136511, 41.84806954, 41.84810976, 41.8529558, 41.85304137, 41.85695454, 41.86000783, 41.86016401, 41.86749594))"
229,East Pilson,"list(c(-87.6381087, -87.64642107, -87.64667436, -87.63769825, -87.63772046, -87.63689151, -87.63710083, -87.6381087, 41.85279522, 41.85253461, 41.85992915, 41.85999939, 41.85794935, 41.85775795, 41.85378314, 41.85279522))"
230,South Loop,"list(c(-87.6455087, -87.63079647, -87.63038412, -87.62722565, -87.62755344, -87.62422727, -87.62361941, -87.62720295, -87.62969612, -87.6312679, -87.63005778, -87.63053183, -87.6305884, -87.6328374, -87.63593147, -87.63701572, -87.63680842, -87.63763737, -87.63753137, -87.6442638, -87.64460463, -87.6450593, -87.6455087, 41.8756401, 41.87555105, 41.86007911, 41.86012186, 41.87565541, 41.87575918, 41.84804712, 41.84707519, 41.84702836, 41.84765925, 41.85193856, 41.85417801, 41.85660128, 41.85611801, 
41.85433518, 41.853969, 41.85775745, 41.85794885, 41.8600605, 41.85997684, 41.86693702, 41.87104008, 41.8756401))"
231,O'Hare,"list(c(-87.84646073, -87.84078469, -87.83952093, -87.83756053, -87.83686173, -87.83649582, -87.82885216, -87.82867453, -87.82811182, -87.82811376, -87.82867674, -87.8286351, -87.83004213, -87.83005012, -87.82962783, -87.82958369, -87.83366485, -87.83367196, -87.82462049, -87.82491797, -87.82674664, -87.8267544, -87.83172509, -87.83176484, -87.83345283, -87.83344462, -87.83372596, -87.83372377, -87.83663094, -87.83663529, -87.84160664, -87.84156594, -87.83790862, -87.83797422, -87.83666166, -87.83671778, 
-87.8415942, -87.84167398, -87.84655107, -87.84646073, 41.98375608, 41.98394181, 41.98362147, 41.98242334, 41.98182549, 41.98063423, 41.9806009, 41.97934046, 41.97933799, 41.97909306, 41.97906055, 41.97839555, 41.97836674, 41.97735205, 41.97738519, 41.97703509, 41.97684298, 41.97593326, 41.97610345, 41.97407533, 41.97408341, 41.97310371, 41.97305556, 41.97396548, 41.97397284, 41.97502252, 41.97502375, 41.97530366, 41.97531628, 41.97475645, 41.97463789, 41.97383293, 41.97381721, 41.97140315, 41.97136249, 
41.97017306, 41.97015906, 41.9719789, 41.97189471, 41.98375608))"
232,Scorsch Forest View,"list(c(-87.84657671, -87.83674856, -87.83705114, -87.84270228, -87.84490744, -87.84685865, -87.84657671, 41.96643211, 41.96657337, 41.95924067, 41.95908161, 41.95982441, 41.9616662, 41.96643211))"
233,O'Hare Airport,"list(c(-87.9400354, -87.93543946, -87.9308247, -87.93083655, -87.92535027, -87.92565385, -87.92046417, -87.92058741, -87.90813166, -87.90781081, -87.90543843, -87.89404494, -87.89422742, -87.88445665, -87.88433094, -87.88032999, -87.87334578, -87.87601336, -87.87602681, -87.87306372, -87.87263428, -87.88048439, -87.88072417, -87.88518836, -87.88725635, -87.89288858, -87.89308621, -87.90641801, -87.9148468, -87.91526594, -87.9222221, -87.92210238, -87.9263902, -87.92636487, -87.93184052, -87.93181414, 
-87.93462595, -87.93461561, -87.93818552, -87.93951838, -87.9400354, 42.00094949, 42.00093365, 42.0039034, 42.00202347, 42.00211469, 42.0010099, 42.00110194, 42.00497291, 42.00514862, 42.00879679, 42.00878797, 42.00531675, 42.00034106, 41.99831271, 41.9951052, 41.99486831, 41.9765937, 41.97660436, 41.97472443, 41.974602, 41.97249912, 41.97308329, 41.96014553, 41.95739836, 41.95829111, 41.95798109, 41.95079366, 41.9509546, 41.95330797, 41.95718006, 41.95831105, 41.95388712, 41.95522945, 41.95921051, 
41.96022508, 41.96442731, 41.96499004, 41.96664882, 41.96444941, 41.96456458, 42.00094949))"
